{"cameraMode":{"drawMode":0,"name":"Shaded","section":"Shading Mode"},"sceneLighting":true,"audioPlay":false,"sceneViewState":{"showFog":true,"showMaterialUpdate":false,"showSkybox":true,"showFlares":true,"showImageEffects":true,"showParticleSystems":true},"in2DMode":false,"pivot":{"x":9.346881866455079,"y":0.4260603189468384,"z":3.8065314292907717},"rotation":{"x":-0.07366097718477249,"y":0.04844342917203903,"z":-0.0035308217629790308,"w":-0.9961340427398682},"size":1007.223388671875,"orthographic":false}